open_time_ms,open,high,low,close,volume
1704067200000,60000.00,60672.57,59799.86,60285.72,827.813
1704070800000,60285.72,60407.72,59857.02,59882.89,981.983
1704074400000,59882.89,60133.98,59679.23,59737.08,1054.475
1704078000000,59737.08,59756.79,58949.12,58973.53,1231.439
1704081600000,58973.53,59023.02,58194.03,58442.75,2276.753
1704085200000,58442.75,58693.03,58316.95,58639.41,1366.575
1704088800000,58639.41,58846.98,58545.86,58722.21,827.741
1704092400000,58722.21,58791.32,58465.74,58610.41,1030.129
1704096000000,58610.41,58695.60,58123.89,58135.12,1690.365
1704099600000,58135.12,58403.81,57623.67,57689.40,1311.671
1704103200000,57689.40,57788.19,57521.94,57548.54,1272.504
1704106800000,57548.54,58038.81,57545.82,57969.23,1419.891
1704110400000,57969.23,58191.34,57782.97,58062.92,1059.519
1704114000000,58062.92,58619.13,58021.19,58561.51,1042.674
1704117600000,58561.51,58770.64,58517.60,58761.16,979.154
1704121200000,58761.16,59204.82,58433.17,58624.61,2335.398
1704124800000,58624.61,59061.71,58536.29,59005.68,866.129
1704128400000,59005.68,59238.02,58457.82,58725.79,771.753
1704132000000,58725.79,58885.32,58399.01,58433.72,1555.447
1704135600000,58433.72,58534.06,58295.81,58323.26,1245.822
1704139200000,58323.26,58456.47,57954.65,58386.79,813.029
1704142800000,58386.79,58494.47,58011.70,58098.62,738.073
1704146400000,58098.62,58305.63,57276.10,57317.29,2617.769
1704150000000,57317.29,57407.10,57020.51,57269.53,1043.048
1704153600000,57269.53,57705.62,56808.26,57698.84,1383.047
1704157200000,57698.84,58217.93,57465.65,58088.76,1146.809
1704160800000,58088.76,58604.17,58079.41,58565.40,1173.167
1704164400000,58565.40,58698.78,58334.75,58617.87,1135.284
1704168000000,58617.87,58714.03,58283.67,58534.80,663.357
1704171600000,58534.80,58634.64,58268.10,58610.49,486.090
1704175200000,58610.49,59287.44,58385.54,59115.58,1431.229
1704178800000,59115.58,59360.73,58639.89,58693.11,1135.607
1704182400000,58693.11,59149.65,58679.94,59064.71,1192.006
1704186000000,59064.71,59162.01,58326.12,58378.05,1788.807
1704189600000,58378.05,58873.58,58164.89,58608.16,1505.538
1704193200000,58608.16,58611.19,57796.10,57848.67,1946.042
1704196800000,57848.67,58137.75,57599.25,58037.05,1202.581
1704200400000,58037.05,58281.60,57956.74,58247.08,1525.298
1704204000000,58247.08,58627.92,57945.12,58521.28,1569.947
1704207600000,58521.28,58577.05,58299.39,58430.06,770.285
1704211200000,58430.06,58639.19,57680.48,57821.44,1721.754
1704214800000,57821.44,57928.86,57454.46,57462.55,1037.375
1704218400000,57462.55,57666.26,57355.91,57615.60,790.401
1704222000000,57615.60,57824.71,57365.72,57461.36,1651.004
1704225600000,57461.36,57938.32,57235.30,57287.46,1128.730
1704229200000,57287.46,57357.77,56906.14,57043.81,1374.451
1704232800000,57043.81,57045.76,56365.19,56512.35,1413.878
1704236400000,56512.35,56531.71,55795.35,55958.12,2065.008
1704240000000,55958.12,56126.25,55264.22,55561.88,1380.002
1704243600000,55561.88,56052.21,55310.36,55928.73,1275.685
1704247200000,55928.73,56072.66,55489.03,55631.83,1978.631
1704250800000,55631.83,55813.06,55585.87,55788.91,1390.958
1704254400000,55788.91,55821.03,55465.49,55535.58,818.189
1704258000000,55535.58,55784.87,55374.66,55672.46,884.352
1704261600000,55672.46,55941.16,55487.09,55845.44,673.362
1704265200000,55845.44,56430.35,55692.77,56261.80,1298.153
1704268800000,56261.80,56263.32,56101.79,56146.67,1048.513
1704272400000,56146.67,56153.21,55412.72,55575.86,1826.127
1704276000000,55575.86,56275.80,55502.82,56164.07,1666.082
1704279600000,56164.07,56542.64,56019.11,56387.82,949.774
1704283200000,56387.82,57136.27,56270.10,57029.85,1265.546
1704286800000,57029.85,57144.00,56886.91,57057.90,652.182
1704290400000,57057.90,57420.36,56577.72,56650.58,2118.839
1704294000000,56650.58,57685.66,56423.23,57473.42,1910.640
1704297600000,57473.42,57634.58,57222.32,57392.60,1268.837
1704301200000,57392.60,57410.77,57010.21,57116.78,881.296
1704304800000,57116.78,57240.98,56373.18,56569.88,1319.267
1704308400000,56569.88,56690.24,56414.56,56517.14,717.035
1704312000000,56517.14,56680.74,56388.72,56409.45,1185.260
1704315600000,56409.45,56464.39,56034.38,56050.67,1809.512
1704319200000,56050.67,56107.25,55868.56,55953.21,1211.361
1704322800000,55953.21,56163.59,55847.55,55979.82,454.352
1704326400000,55979.82,56156.48,55808.52,55853.81,967.685
1704330000000,55853.81,56178.08,55781.16,56159.08,1715.191
1704333600000,56159.08,56234.70,55904.66,56230.31,484.786
1704337200000,56230.31,56579.41,56128.38,56508.78,1128.771
1704340800000,56508.78,57205.87,56416.17,57031.06,970.238
1704344400000,57031.06,57049.29,56496.65,56719.90,1310.956
1704348000000,56719.90,56835.24,56451.78,56679.22,807.538
1704351600000,56679.22,56749.89,56526.06,56623.14,590.706
1704355200000,56623.14,57142.51,56518.27,57119.07,967.745
1704358800000,57119.07,57670.52,56723.87,57562.45,1065.219
1704362400000,57562.45,57600.15,57379.16,57472.47,512.626
1704366000000,57472.47,57600.39,57285.97,57430.30,568.663
1704369600000,57430.30,57594.90,56947.85,57086.99,979.940
1704373200000,57086.99,57356.93,56887.72,57341.28,1153.474
1704376800000,57341.28,57688.62,57176.98,57655.72,1613.471
1704380400000,57655.72,57786.81,57594.18,57698.98,1170.011
1704384000000,57698.98,57725.15,57343.42,57427.56,1000.528
1704387600000,57427.56,57461.38,57311.45,57365.56,611.353
1704391200000,57365.56,57777.38,57357.17,57630.55,931.406
1704394800000,57630.55,57635.48,57358.92,57561.47,1178.377
1704398400000,57561.47,57711.18,57475.01,57533.45,627.977
1704402000000,57533.45,57759.34,57395.13,57696.92,1362.857
1704405600000,57696.92,57948.33,57615.63,57915.59,1884.998
1704409200000,57915.59,58369.58,57871.77,58209.18,793.295
1704412800000,58209.18,58430.22,58090.40,58113.62,507.846
1704416400000,58113.62,58308.13,57901.65,57938.87,1019.924
1704420000000,57938.87,58096.40,57191.03,57412.87,1555.617
1704423600000,57412.87,57672.75,57160.22,57522.91,859.814
1704427200000,57522.91,58127.15,57312.50,58046.81,1485.823
1704430800000,58046.81,58132.82,57831.47,57911.41,1194.019
1704434400000,57911.41,58110.10,57416.42,57498.52,1578.241
1704438000000,57498.52,57706.89,57460.53,57639.26,1291.362
1704441600000,57639.26,57771.14,57390.60,57417.23,821.532
1704445200000,57417.23,57472.03,56871.14,57004.60,1266.862
1704448800000,57004.60,57188.01,56524.53,56607.19,1346.248
1704452400000,56607.19,56944.00,56588.55,56815.37,1631.304
1704456000000,56815.37,57468.63,56610.94,57274.57,1169.287
1704459600000,57274.57,57412.76,57112.71,57302.19,638.689
1704463200000,57302.19,57315.69,56992.34,57264.01,1234.508
1704466800000,57264.01,57656.47,56963.33,57615.85,934.012
1704470400000,57615.85,58274.83,57495.09,58144.46,1164.583
1704474000000,58144.46,58198.96,58093.06,58136.05,1033.137
1704477600000,58136.05,58186.74,57699.01,58007.60,612.236
1704481200000,58007.60,58158.27,57730.76,57896.68,876.630
1704484800000,57896.68,58325.28,57783.40,58106.75,1434.151
1704488400000,58106.75,58423.07,57961.54,58408.81,2442.479
1704492000000,58408.81,59029.10,58268.58,58768.26,1737.347
1704495600000,58768.26,58925.51,58593.68,58770.26,1069.046
1704499200000,58770.26,58951.14,58684.69,58947.16,809.581
1704502800000,58947.16,59293.10,58760.69,59289.76,1100.385
1704506400000,59289.76,59378.52,59049.42,59090.41,1488.781
1704510000000,59090.41,59463.46,58858.94,59155.53,639.399
1704513600000,59155.53,59720.70,58845.54,59569.10,1548.587
1704517200000,59569.10,59748.09,59283.34,59433.97,1022.425
1704520800000,59433.97,59494.02,58666.02,58783.64,1391.730
1704524400000,58783.64,59245.46,58577.83,59208.51,1514.976
1704528000000,59208.51,59376.41,58800.65,58807.22,1243.682
1704531600000,58807.22,58982.77,58414.60,58481.91,906.545
1704535200000,58481.91,58519.08,58216.29,58283.61,1282.725
1704538800000,58283.61,58514.83,57752.54,57844.78,1477.172
1704542400000,57844.78,57968.80,57575.79,57727.36,705.226
1704546000000,57727.36,57867.74,57712.58,57784.10,690.648
1704549600000,57784.10,58098.21,57633.05,58071.37,787.230
1704553200000,58071.37,58586.09,57870.23,58384.68,1104.917
1704556800000,58384.68,58469.84,58130.34,58189.33,816.817
1704560400000,58189.33,58233.95,57963.81,58080.56,808.325
1704564000000,58080.56,58310.91,58000.14,58287.43,809.770
1704567600000,58287.43,58612.45,58031.79,58589.99,1958.861
1704571200000,58589.99,58834.56,58408.07,58510.78,1039.052
1704574800000,58510.78,58746.48,58152.36,58233.74,1240.243
1704578400000,58233.74,58351.43,57740.33,58010.52,793.051
1704582000000,58010.52,58372.07,57982.99,58135.41,727.677
1704585600000,58135.41,58247.85,58090.49,58172.01,705.597
1704589200000,58172.01,58482.86,58066.89,58441.22,1133.795
1704592800000,58441.22,58670.76,58304.32,58345.97,1189.106
1704596400000,58345.97,58454.22,57747.58,57755.50,1207.576
1704600000000,57755.50,57897.26,57278.40,57445.29,1143.441
1704603600000,57445.29,57980.26,57247.84,57833.51,910.767
1704607200000,57833.51,58291.23,57815.33,58129.34,1151.550
1704610800000,58129.34,58160.15,57633.86,57865.02,774.816
1704614400000,57865.02,58071.59,57708.05,57952.62,1331.572
1704618000000,57952.62,58123.81,57769.72,57823.69,1601.465
1704621600000,57823.69,58051.94,57694.00,57912.68,711.985
1704625200000,57912.68,58150.47,57695.93,57755.22,1483.744
1704628800000,57755.22,58094.17,57754.15,58052.74,882.139
1704632400000,58052.74,58315.68,57780.69,58240.74,625.998
1704636000000,58240.74,58570.68,58079.93,58480.00,656.737
1704639600000,58480.00,58619.41,58144.32,58282.02,642.665
1704643200000,58282.02,58860.32,57966.73,58765.65,1067.108
1704646800000,58765.65,58819.56,58042.89,58196.27,1830.848
1704650400000,58196.27,58204.45,58050.29,58100.28,1034.700
1704654000000,58100.28,58207.04,58097.05,58188.98,1044.123
1704657600000,58188.98,58734.37,58068.11,58461.05,682.027
1704661200000,58461.05,58989.10,58248.59,58732.17,889.017
1704664800000,58732.17,58844.63,58518.70,58538.71,1372.953
1704668400000,58538.71,58636.38,57468.94,57621.57,2148.358
1704672000000,57621.57,58256.16,57618.22,57972.69,1608.048
1704675600000,57972.69,58054.60,57752.10,57973.00,1568.573
1704679200000,57973.00,58610.20,57920.27,58444.06,1049.859
1704682800000,58444.06,58994.83,58293.16,58696.54,854.178
1704686400000,58696.54,58908.40,58471.39,58533.00,1117.962
1704690000000,58533.00,58750.49,58512.00,58713.39,1758.799
1704693600000,58713.39,58777.28,58402.42,58621.55,1627.511
1704697200000,58621.55,58741.33,58038.47,58243.74,1384.181
1704700800000,58243.74,58427.22,58094.02,58323.79,522.929
1704704400000,58323.79,58441.64,58215.54,58404.66,763.966
1704708000000,58404.66,58731.22,58378.07,58578.62,1871.828
1704711600000,58578.62,58665.81,57908.61,58012.00,1800.060
1704715200000,58012.00,58089.75,58008.98,58021.24,501.472
1704718800000,58021.24,58104.59,57995.36,58041.26,499.520
1704722400000,58041.26,58857.12,57836.79,58724.36,1162.099
1704726000000,58724.36,58846.59,57974.05,58075.70,1640.324
1704729600000,58075.70,58414.05,57907.99,58225.27,587.244
1704733200000,58225.27,59023.08,58049.37,58791.25,1461.782
1704736800000,58791.25,59066.37,58410.56,58602.60,903.351
1704740400000,58602.60,58914.05,58453.57,58779.97,1067.784
1704744000000,58779.97,59492.72,58728.66,59296.70,1882.471
1704747600000,59296.70,59353.94,58845.26,58915.86,1802.227
1704751200000,58915.86,58936.51,58663.42,58740.65,625.838
1704754800000,58740.65,59132.36,58471.12,58477.26,1154.611
1704758400000,58477.26,59052.72,58117.30,58828.22,882.763
1704762000000,58828.22,58897.66,58444.92,58457.81,1424.623
1704765600000,58457.81,58515.40,58320.28,58391.45,686.565
1704769200000,58391.45,58599.27,58331.05,58535.95,560.427
1704772800000,58535.95,59013.11,58459.50,58969.85,911.755
1704776400000,58969.85,59818.34,58770.83,59647.98,1320.668
1704780000000,59647.98,60033.61,59535.60,59913.64,1509.829
1704783600000,59913.64,60088.33,59823.69,59983.88,969.163
1704787200000,59983.88,60303.20,59868.28,60208.42,787.886
1704790800000,60208.42,60285.68,59423.47,59676.85,1098.033
1704794400000,59676.85,59819.02,58991.00,59361.35,1375.929
1704798000000,59361.35,59617.98,59141.28,59556.37,1018.883
1704801600000,59556.37,59569.13,59318.02,59488.74,1153.160
1704805200000,59488.74,59816.47,59222.01,59265.86,1120.549
1704808800000,59265.86,59742.33,59256.07,59681.38,1532.471
1704812400000,59681.38,59952.04,59587.94,59942.57,1594.282
1704816000000,59942.57,60000.98,59352.03,59585.93,1056.553
1704819600000,59585.93,59764.07,59485.56,59763.46,1894.673
1704823200000,59763.46,60699.21,59685.74,60347.36,1395.895
1704826800000,60347.36,60395.46,59952.50,59972.28,826.216
1704830400000,59972.28,60060.27,59830.21,59899.77,1516.794
1704834000000,59899.77,60014.07,59528.96,59798.40,831.368
1704837600000,59798.40,59827.98,59226.93,59574.08,641.057
1704841200000,59574.08,59687.88,59097.87,59149.09,1442.479
1704844800000,59149.09,59758.60,58992.34,59729.20,1556.677
1704848400000,59729.20,60456.23,59481.71,60222.67,1602.089
1704852000000,60222.67,60223.75,59720.70,59942.67,1447.400
1704855600000,59942.67,60197.46,59738.34,60090.07,1627.377
1704859200000,60090.07,60199.69,59843.70,60020.03,1218.622
1704862800000,60020.03,60108.03,59634.95,59755.49,1377.069
1704866400000,59755.49,59929.12,59711.23,59924.03,885.463
1704870000000,59924.03,60744.88,59904.01,60555.97,1641.935
1704873600000,60555.97,61182.11,60430.35,61127.61,1417.396
1704877200000,61127.61,61128.14,60819.23,60902.69,869.764
1704880800000,60902.69,60960.01,60583.00,60751.50,1461.000
1704884400000,60751.50,61184.53,60559.62,61090.24,1653.676
1704888000000,61090.24,61803.96,61063.85,61580.89,1388.197
1704891600000,61580.89,62062.00,61469.51,61982.48,1331.003
1704895200000,61982.48,62290.89,61871.03,62172.18,745.853
1704898800000,62172.18,62266.23,62064.42,62139.14,1085.711
1704902400000,62139.14,62457.12,62116.16,62227.51,1964.932
1704906000000,62227.51,62464.88,62207.21,62426.88,799.147
1704909600000,62426.88,62473.61,61892.91,62057.22,871.351
1704913200000,62057.22,62628.28,62033.45,62270.75,1529.848
1704916800000,62270.75,62539.78,62123.58,62524.65,1158.763
1704920400000,62524.65,62671.42,61913.28,61928.66,1525.851
1704924000000,61928.66,62133.42,61729.52,61811.93,1027.222
1704927600000,61811.93,62017.21,61436.88,61579.43,634.079
1704931200000,61579.43,61613.81,61133.85,61305.08,847.819
1704934800000,61305.08,61812.93,61291.63,61696.70,1870.070
1704938400000,61696.70,61739.35,60721.73,61242.99,1356.695
1704942000000,61242.99,61597.03,61113.20,61495.90,1450.849
1704945600000,61495.90,62113.90,61367.23,62009.29,1095.127
1704949200000,62009.29,62037.60,61653.78,61932.96,505.439
1704952800000,61932.96,62128.41,61876.52,61990.68,993.311
1704956400000,61990.68,62511.52,61746.83,62425.23,2427.231
1704960000000,62425.23,62629.16,62304.03,62403.98,653.289
1704963600000,62403.98,62687.30,62004.93,62185.22,1055.842
1704967200000,62185.22,62334.86,62050.48,62207.42,609.546
1704970800000,62207.42,62232.49,61704.28,61919.00,981.959
1704974400000,61919.00,62058.72,61534.71,61745.71,775.718
1704978000000,61745.71,62193.53,61676.91,62030.90,1043.252
1704981600000,62030.90,62351.42,62023.90,62164.35,817.969
1704985200000,62164.35,62221.47,62091.68,62175.72,605.924
1704988800000,62175.72,62813.31,62027.99,62530.18,1442.365
1704992400000,62530.18,62750.24,62422.62,62701.41,677.068
1704996000000,62701.41,63244.84,62679.62,63204.09,1232.240
1704999600000,63204.09,63674.82,63199.40,63653.43,1799.916
1705003200000,63653.43,63860.93,63584.14,63717.06,480.627
1705006800000,63717.06,64157.00,63680.87,63922.09,1209.140
1705010400000,63922.09,64607.45,63852.47,64339.10,2185.029
1705014000000,64339.10,64539.45,64215.41,64504.15,1013.148
1705017600000,64504.15,64538.86,64300.49,64365.46,707.382
1705021200000,64365.46,64418.01,63412.17,63476.15,1626.617
1705024800000,63476.15,63599.91,63213.34,63390.86,571.184
1705028400000,63390.86,63769.13,63256.11,63323.99,1120.898
1705032000000,63323.99,63588.19,63200.62,63380.75,687.267
1705035600000,63380.75,63487.06,63236.97,63293.20,650.638
1705039200000,63293.20,63473.26,63065.47,63090.95,1026.966
1705042800000,63090.95,63301.77,62723.10,63177.88,966.465
1705046400000,63177.88,63502.44,62803.68,63405.70,830.440
1705050000000,63405.70,63687.40,63231.14,63259.52,841.795
1705053600000,63259.52,63359.93,62870.15,62900.85,1337.713
1705057200000,62900.85,62924.43,62772.40,62810.60,1274.643
1705060800000,62810.60,63193.73,62569.07,63057.99,644.169
1705064400000,63057.99,63103.55,62275.45,62307.04,1454.220
1705068000000,62307.04,62310.32,61720.67,61882.81,1404.282
1705071600000,61882.81,61952.14,61100.95,61320.27,1798.423
1705075200000,61320.27,61439.92,61108.92,61304.03,1416.739
1705078800000,61304.03,61466.46,60738.65,60818.31,1795.758
1705082400000,60818.31,60871.88,60789.44,60814.80,1339.545
1705086000000,60814.80,61221.56,60567.19,61211.53,1191.594
1705089600000,61211.53,61652.79,61116.37,61560.30,979.536
1705093200000,61560.30,62521.95,61454.70,62219.99,1442.481
1705096800000,62219.99,62304.91,61890.91,62142.11,757.127
1705100400000,62142.11,62221.63,61668.34,61764.05,1589.327
1705104000000,61764.05,61948.59,61570.44,61888.92,593.417
1705107600000,61888.92,62020.33,61611.93,61672.10,850.812
1705111200000,61672.10,62161.03,61551.48,61825.02,626.473
1705114800000,61825.02,61873.47,61411.66,61571.95,842.510
1705118400000,61571.95,61723.24,60998.19,61194.87,1247.602
1705122000000,61194.87,61724.18,61081.68,61600.80,2089.646
1705125600000,61600.80,62285.27,61302.71,62198.68,1166.295
1705129200000,62198.68,62289.73,61812.84,61875.02,782.414
1705132800000,61875.02,61957.85,61839.67,61950.71,503.637
1705136400000,61950.71,62320.89,61756.55,62280.85,958.011
1705140000000,62280.85,62335.40,62075.90,62097.34,1874.229
1705143600000,62097.34,62288.14,61937.97,61999.55,1727.038
1705147200000,61999.55,62073.44,61548.86,61753.74,773.322
1705150800000,61753.74,61958.58,61374.31,61906.46,558.539
1705154400000,61906.46,61912.66,61484.99,61752.75,713.258
1705158000000,61752.75,62325.41,61533.51,62166.11,1161.717
1705161600000,62166.11,62412.92,61992.56,62294.65,1331.180
1705165200000,62294.65,62294.82,61953.14,62155.42,668.289
1705168800000,62155.42,62581.23,62113.39,62440.57,1194.772
1705172400000,62440.57,62570.35,61936.10,62112.76,1515.464
1705176000000,62112.76,62281.46,62055.06,62062.90,915.430
1705179600000,62062.90,62295.06,61672.05,61849.14,1131.905
1705183200000,61849.14,62057.38,61180.70,61271.81,1398.070
1705186800000,61271.81,61476.37,61262.22,61294.06,576.151
1705190400000,61294.06,61828.03,61264.85,61639.98,1476.972
1705194000000,61639.98,61916.93,61549.08,61891.23,747.473
1705197600000,61891.23,62137.78,61691.16,61855.91,1000.876
1705201200000,61855.91,62015.40,61767.74,61910.38,1150.189
1705204800000,61910.38,62048.20,61554.99,61803.45,640.548
1705208400000,61803.45,62054.26,61683.37,61709.17,692.071
1705212000000,61709.17,61992.72,61564.05,61933.84,1319.209
1705215600000,61933.84,63032.09,61651.77,62798.74,1869.332
1705219200000,62798.74,62829.76,62320.05,62430.57,846.664
1705222800000,62430.57,62567.28,62274.89,62512.00,555.168
1705226400000,62512.00,62612.06,62262.91,62326.88,728.737
1705230000000,62326.88,62633.26,62283.64,62574.09,1465.886
1705233600000,62574.09,62844.04,62489.88,62709.34,1553.021
1705237200000,62709.34,63038.59,62703.63,62858.20,755.502
1705240800000,62858.20,63553.99,62787.79,63434.96,2157.095
1705244400000,63434.96,63567.49,62926.58,63276.78,580.124
1705248000000,63276.78,63464.93,63228.77,63328.79,1088.769
1705251600000,63328.79,63380.93,63147.72,63209.53,1193.471
1705255200000,63209.53,63265.97,62346.50,62803.80,1654.333
1705258800000,62803.80,63134.78,62584.14,62842.45,1309.560
1705262400000,62842.45,62859.37,61928.64,62085.63,1349.435
1705266000000,62085.63,62500.53,61948.99,62231.72,1152.199
1705269600000,62231.72,62234.32,61144.15,61272.89,1597.660
1705273200000,61272.89,61380.90,60938.49,61148.79,590.446
1705276800000,61148.79,61225.33,60541.35,60606.26,1389.750
1705280400000,60606.26,60617.72,59884.15,60265.01,1668.097
1705284000000,60265.01,60309.69,59859.50,60113.64,1055.425
1705287600000,60113.64,60199.97,59774.43,59901.10,938.996
1705291200000,59901.10,59918.16,59731.64,59902.69,828.327
1705294800000,59902.69,60074.34,59408.53,59479.41,860.179
1705298400000,59479.41,59771.53,59464.61,59750.65,1469.628
1705302000000,59750.65,59760.01,59616.27,59659.24,727.620
1705305600000,59659.24,59768.05,59264.82,59469.65,1639.306
1705309200000,59469.65,59653.52,59457.35,59586.21,1014.273
1705312800000,59586.21,60233.17,59482.37,60134.69,1275.993
1705316400000,60134.69,60186.23,59774.78,59924.27,880.600
1705320000000,59924.27,59960.38,59526.38,59850.42,857.322
1705323600000,59850.42,60236.66,59696.11,60019.24,679.524
1705327200000,60019.24,60066.13,59453.51,59514.86,924.191
1705330800000,59514.86,59579.20,58943.13,59133.67,1335.726
1705334400000,59133.67,59219.69,58834.37,58978.51,641.318
1705338000000,58978.51,59101.70,58890.11,59001.93,1079.692
1705341600000,59001.93,59740.09,58858.60,59554.30,2235.499
1705345200000,59554.30,59675.60,58970.70,58983.37,1175.245
1705348800000,58983.37,59096.57,58780.10,58918.61,585.753
1705352400000,58918.61,59108.84,58693.32,58730.23,913.808
1705356000000,58730.23,58730.33,58395.53,58453.97,755.997
1705359600000,58453.97,58462.24,58136.73,58271.61,991.355
1705363200000,58271.61,58476.86,58216.66,58386.96,1100.768
1705366800000,58386.96,58538.15,58361.81,58501.03,773.557
1705370400000,58501.03,58845.21,58263.29,58730.38,1007.006
1705374000000,58730.38,59249.32,58675.71,59049.69,935.528
1705377600000,59049.69,59134.83,58341.90,58451.93,1188.546
1705381200000,58451.93,58653.68,57750.50,58215.30,933.990
1705384800000,58215.30,58450.83,58089.54,58378.27,692.259
1705388400000,58378.27,58416.76,58213.51,58248.44,759.911
1705392000000,58248.44,58481.74,58031.96,58079.19,674.351
1705395600000,58079.19,58220.97,57840.65,57903.52,830.665
1705399200000,57903.52,58125.64,57833.07,58007.51,980.851
1705402800000,58007.51,58016.18,57575.36,57937.17,842.853
1705406400000,57937.17,58066.45,57920.36,57996.28,1501.747
1705410000000,57996.28,58209.18,57532.79,57540.62,1581.748
1705413600000,57540.62,57664.94,57256.32,57405.27,711.211
1705417200000,57405.27,57916.04,57340.69,57911.35,1530.329
1705420800000,57911.35,58209.53,57877.20,58162.21,986.933
1705424400000,58162.21,58311.35,57840.10,58215.07,684.156
1705428000000,58215.07,58424.37,57897.09,58107.26,791.794
1705431600000,58107.26,58116.32,57875.96,57957.14,1187.152
1705435200000,57957.14,58327.19,57801.01,58291.16,1190.789
1705438800000,58291.16,58480.37,58220.00,58239.15,1242.438
1705442400000,58239.15,58420.91,58172.87,58335.27,509.034
1705446000000,58335.27,58465.04,57999.90,58032.69,994.113
1705449600000,58032.69,58415.59,58012.46,58187.35,1826.847
1705453200000,58187.35,58640.14,57986.68,58533.81,911.912
1705456800000,58533.81,59010.90,58358.36,58895.08,2101.058
1705460400000,58895.08,58993.04,58591.66,58615.95,1082.276
1705464000000,58615.95,58765.62,58502.35,58692.25,1115.579
1705467600000,58692.25,58854.13,58541.65,58769.19,1132.583
1705471200000,58769.19,59028.25,58359.11,58936.30,663.513
1705474800000,58936.30,59096.59,58433.97,58481.58,1125.099
1705478400000,58481.58,59150.48,58419.38,59083.23,1187.724
1705482000000,59083.23,59681.57,59049.72,59586.34,917.056
1705485600000,59586.34,60048.66,59451.10,60012.60,1271.227
1705489200000,60012.60,60504.28,59852.32,60286.17,959.591
1705492800000,60286.17,60541.76,60175.68,60495.50,956.235
1705496400000,60495.50,60610.21,60159.45,60276.89,869.644
1705500000000,60276.89,60588.15,60085.54,60436.87,905.945
1705503600000,60436.87,60511.01,60023.35,60159.40,734.560
1705507200000,60159.40,60292.97,59391.91,59536.07,1631.974
1705510800000,59536.07,59827.58,59431.78,59632.09,916.484
1705514400000,59632.09,59767.23,59475.12,59669.57,757.550
1705518000000,59669.57,59897.07,59284.85,59308.14,2007.024
1705521600000,59308.14,59405.84,59013.51,59065.04,675.798
1705525200000,59065.04,59758.09,59025.71,59538.07,2392.034
1705528800000,59538.07,59651.26,59435.30,59575.52,1012.423
1705532400000,59575.52,59730.20,59098.42,59275.86,1510.032
1705536000000,59275.86,59621.88,59269.13,59436.35,828.444
1705539600000,59436.35,59833.86,58716.24,58855.88,1013.404
1705543200000,58855.88,59363.85,58631.57,59274.06,891.731
1705546800000,59274.06,59836.73,59235.23,59800.04,942.071
1705550400000,59800.04,59971.65,59736.00,59871.89,1786.609
1705554000000,59871.89,60493.22,59779.05,60362.34,1673.641
1705557600000,60362.34,60434.25,59688.00,59688.75,1245.369
1705561200000,59688.75,59809.68,58881.15,59254.66,1694.136
1705564800000,59254.66,59286.80,58853.30,58965.34,1164.609
1705568400000,58965.34,59290.06,58832.77,59258.91,1072.974
1705572000000,59258.91,59716.69,59237.34,59643.70,1331.442
1705575600000,59643.70,60348.83,59519.06,60095.80,1357.648
1705579200000,60095.80,60223.39,59770.56,59804.87,1091.273
1705582800000,59804.87,60046.77,59686.26,59843.11,1855.258
1705586400000,59843.11,59850.56,59374.67,59670.11,1421.580
1705590000000,59670.11,59826.21,59481.81,59550.66,994.285
1705593600000,59550.66,60324.60,59548.05,60140.29,1256.692
1705597200000,60140.29,60426.73,59847.75,59968.06,1325.049
1705600800000,59968.06,60045.16,59797.01,59823.47,748.493
1705604400000,59823.47,60286.55,59588.40,60219.54,944.727
1705608000000,60219.54,60401.97,60071.71,60257.08,1093.756
1705611600000,60257.08,60278.51,59715.41,59782.02,2053.198
1705615200000,59782.02,60471.93,59712.67,60428.69,1492.305
1705618800000,60428.69,60645.96,60285.27,60643.04,1323.946
1705622400000,60643.04,60908.22,60359.27,60885.01,1732.432
1705626000000,60885.01,61346.12,60858.81,61135.33,822.627
1705629600000,61135.33,61197.65,60170.87,60218.57,1741.349
1705633200000,60218.57,60595.31,60045.46,60496.42,1225.634
1705636800000,60496.42,60514.45,60487.39,60503.50,1153.265
1705640400000,60503.50,60671.79,60446.84,60654.44,693.270
1705644000000,60654.44,61699.54,60496.39,61458.26,2639.055
1705647600000,61458.26,61595.79,60310.34,60436.31,1495.694
1705651200000,60436.31,60866.06,60336.66,60770.38,2008.514
1705654800000,60770.38,60782.63,59993.13,60015.27,1415.218
1705658400000,60015.27,60070.23,59847.14,59922.09,1290.410
1705662000000,59922.09,60361.82,59845.99,60285.73,965.328
1705665600000,60285.73,60453.18,59786.01,60027.79,1256.318
1705669200000,60027.79,60060.99,59945.95,59963.77,470.414
1705672800000,59963.77,60023.16,59951.42,59980.52,515.191
1705676400000,59980.52,60189.16,59966.95,60168.73,862.194
1705680000000,60168.73,60172.25,59969.90,59985.75,775.211
1705683600000,59985.75,60215.44,59635.71,59678.77,2299.704
1705687200000,59678.77,59726.94,59531.44,59716.92,1521.993
1705690800000,59716.92,59821.09,59601.04,59645.03,642.975
1705694400000,59645.03,60506.64,59539.82,60453.22,1252.653
1705698000000,60453.22,60456.31,60260.55,60331.97,1382.762
1705701600000,60331.97,60414.57,60119.36,60234.36,1435.345
1705705200000,60234.36,60497.52,59863.44,60072.84,2342.512
1705708800000,60072.84,60290.46,59593.75,59702.44,1037.843
1705712400000,59702.44,60190.74,59643.86,60153.03,1156.475
1705716000000,60153.03,60218.73,59778.15,59932.65,628.644
1705719600000,59932.65,60012.23,59625.70,59745.60,827.503
1705723200000,59745.60,59801.54,59189.82,59400.48,921.977
1705726800000,59400.48,59483.17,58864.43,58910.23,1138.608
1705730400000,58910.23,59573.55,58559.13,59431.09,1549.527
1705734000000,59431.09,59466.26,59004.42,59049.56,1616.781
1705737600000,59049.56,59053.68,58836.96,59037.67,1599.475
1705741200000,59037.67,59063.28,58768.22,58842.13,1147.673
1705744800000,58842.13,59170.26,58719.51,58978.40,1200.928
1705748400000,58978.40,59360.38,58876.38,59019.86,478.066
1705752000000,59019.86,59677.88,58980.09,59428.59,1168.646
1705755600000,59428.59,59875.88,59280.46,59867.27,1220.014
1705759200000,59867.27,60111.31,59803.92,59985.00,912.778
1705762800000,59985.00,60970.80,59794.23,60751.64,1229.982
1705766400000,60751.64,60764.90,60534.40,60611.24,1200.972
1705770000000,60611.24,60666.89,60396.12,60460.45,718.770
1705773600000,60460.45,60568.38,60409.12,60527.02,545.304
1705777200000,60527.02,60991.06,60436.65,60784.64,1843.939
1705780800000,60784.64,61024.63,60402.37,60544.68,972.968
1705784400000,60544.68,60749.68,60184.70,60278.84,699.446
1705788000000,60278.84,60468.86,59851.87,59891.39,1538.734
1705791600000,59891.39,60348.86,59758.30,60277.62,1609.647
1705795200000,60277.62,60370.88,59972.25,60090.85,1282.164
1705798800000,60090.85,60911.21,60009.88,60570.67,1182.651
1705802400000,60570.67,60759.53,60536.60,60701.26,1029.410
1705806000000,60701.26,61338.98,60573.40,61151.49,1226.195
1705809600000,61151.49,61333.13,60788.90,60882.65,676.953
1705813200000,60882.65,61492.76,60630.09,61289.28,1357.435
1705816800000,61289.28,61518.17,61095.61,61465.35,758.801
1705820400000,61465.35,61800.42,61435.14,61530.57,1210.777
1705824000000,61530.57,62530.04,61440.56,62208.82,1762.266
1705827600000,62208.82,62423.07,61799.97,61975.04,975.207
1705831200000,61975.04,61999.79,61701.60,61739.95,804.652
1705834800000,61739.95,61961.59,61033.66,61138.61,1105.077
1705838400000,61138.61,61276.92,60514.78,60635.72,1128.833
1705842000000,60635.72,60889.33,60144.88,60172.89,1178.844
1705845600000,60172.89,60580.48,59984.22,60560.90,1477.305
1705849200000,60560.90,61029.93,60496.54,60931.23,994.155
1705852800000,60931.23,61076.22,60481.92,60718.46,1096.528
1705856400000,60718.46,61290.73,60569.08,61206.91,998.619
1705860000000,61206.91,61770.62,61155.69,61624.50,1161.044
1705863600000,61624.50,61720.05,61330.13,61690.09,495.043
1705867200000,61690.09,61802.49,61183.12,61330.77,1445.149
1705870800000,61330.77,61461.15,61120.01,61144.62,1845.356
1705874400000,61144.62,61207.76,60454.17,60691.84,1387.453
1705878000000,60691.84,61420.34,60689.75,61249.17,1677.061
1705881600000,61249.17,61408.47,60709.79,60952.74,902.010
1705885200000,60952.74,61076.64,60826.85,61056.54,564.398
1705888800000,61056.54,61284.08,60472.01,60475.48,1395.671
1705892400000,60475.48,60739.30,59941.58,60136.52,1258.943
1705896000000,60136.52,60399.42,60102.05,60389.30,1355.324
1705899600000,60389.30,60926.75,60231.86,60754.39,949.586
1705903200000,60754.39,60862.54,60700.37,60806.94,982.091
1705906800000,60806.94,60850.14,60453.04,60759.49,464.579
1705910400000,60759.49,60846.92,60100.89,60140.54,1401.118
1705914000000,60140.54,60166.94,59737.05,60085.66,966.568
1705917600000,60085.66,60437.83,60001.79,60287.22,949.119
1705921200000,60287.22,60399.31,60156.72,60301.09,1041.320
1705924800000,60301.09,60520.83,60268.53,60436.98,811.782
1705928400000,60436.98,60720.86,60175.57,60546.09,845.218
1705932000000,60546.09,61434.55,60394.20,61273.88,1656.150
1705935600000,61273.88,61306.64,61031.80,61219.33,1449.406
1705939200000,61219.33,61367.26,60948.84,61342.09,1480.438
1705942800000,61342.09,61385.35,60912.10,60916.23,1614.570
1705946400000,60916.23,61662.20,60744.03,61650.18,1789.655
1705950000000,61650.18,61857.46,61375.93,61593.13,1131.056
1705953600000,61593.13,61943.13,61295.05,61800.80,874.863
1705957200000,61800.80,61892.58,61598.38,61609.82,862.932
1705960800000,61609.82,61907.13,61203.87,61251.68,890.982
1705964400000,61251.68,61592.04,61134.71,61482.02,815.078
1705968000000,61482.02,61580.53,60836.27,60974.78,1418.090
1705971600000,60974.78,61124.98,60668.12,60902.74,607.557
1705975200000,60902.74,60956.27,60014.61,60097.63,1328.352
1705978800000,60097.63,60473.59,60036.61,60243.95,757.037
1705982400000,60243.95,60789.96,60024.18,60769.47,1184.360
1705986000000,60769.47,60854.44,59477.52,59659.20,2101.889
1705989600000,59659.20,59859.10,59527.10,59568.66,695.103
1705993200000,59568.66,60017.72,59404.08,59954.50,795.773
1705996800000,59954.50,60392.54,59837.20,60180.23,903.298
1706000400000,60180.23,60214.93,59763.61,59916.14,807.680
1706004000000,59916.14,60302.97,59850.74,60163.66,760.397
1706007600000,60163.66,60481.19,60118.73,60437.14,1114.128
1706011200000,60437.14,60505.71,60205.98,60326.31,871.592
1706014800000,60326.31,60357.19,60212.69,60283.66,1176.776
1706018400000,60283.66,60518.78,60179.78,60411.30,1758.516
1706022000000,60411.30,60529.83,60292.55,60471.71,503.277
1706025600000,60471.71,60666.80,60322.12,60566.69,543.755
1706029200000,60566.69,61438.10,60555.78,61173.24,1302.478
1706032800000,61173.24,61175.23,60672.53,60887.06,770.255
1706036400000,60887.06,61034.38,60616.46,60835.34,701.089
1706040000000,60835.34,60867.67,60535.92,60696.90,796.283
1706043600000,60696.90,61725.15,60678.80,61537.63,1453.962
1706047200000,61537.63,61884.70,61221.11,61263.22,1127.141
1706050800000,61263.22,61527.49,61057.51,61160.67,911.331
1706054400000,61160.67,61805.72,61046.29,61730.05,1387.504
1706058000000,61730.05,61766.43,61574.08,61595.25,563.858
1706061600000,61595.25,61654.85,61072.30,61173.70,1451.174
1706065200000,61173.70,62117.18,61130.77,61901.55,1437.994
1706068800000,61901.55,62205.69,61637.73,61735.39,1095.469
1706072400000,61735.39,61780.13,61390.20,61588.14,931.676
1706076000000,61588.14,62253.41,61502.29,62194.86,1952.323
1706079600000,62194.86,62277.82,61693.70,62139.66,1205.094
1706083200000,62139.66,62262.83,61924.04,62145.30,566.902
1706086800000,62145.30,62447.83,61921.50,62303.58,632.864
1706090400000,62303.58,62408.90,61454.93,61508.41,1505.828
1706094000000,61508.41,61826.07,61416.15,61572.31,934.284
1706097600000,61572.31,61696.17,61274.40,61326.00,1504.165
1706101200000,61326.00,61435.65,61037.82,61239.54,1402.479
1706104800000,61239.54,61466.39,60911.15,61447.94,666.301
1706108400000,61447.94,61644.11,60907.82,60928.30,993.750
1706112000000,60928.30,61068.68,59880.01,60125.09,1374.021
1706115600000,60125.09,60246.12,59412.13,59463.01,2111.350
1706119200000,59463.01,59928.72,59404.22,59726.77,701.241
1706122800000,59726.77,60166.13,59664.97,59971.55,1316.047
1706126400000,59971.55,60389.67,59864.57,60265.64,925.266
1706130000000,60265.64,60320.65,59816.93,59941.54,726.920
1706133600000,59941.54,60006.19,59503.68,59646.18,847.337
1706137200000,59646.18,59797.97,59606.44,59707.59,1441.217
1706140800000,59707.59,59923.67,59705.62,59871.41,1269.033
1706144400000,59871.41,60393.88,59726.99,60330.24,1552.153
1706148000000,60330.24,60555.92,60242.75,60436.91,976.682
1706151600000,60436.91,60564.86,60198.06,60228.01,1201.877
1706155200000,60228.01,60756.81,60076.37,60595.72,912.180
1706158800000,60595.72,61082.74,60431.21,60903.01,1315.797
1706162400000,60903.01,61052.51,60772.15,60851.67,618.567
1706166000000,60851.67,60947.40,60731.43,60938.11,1272.929
1706169600000,60938.11,61177.12,60799.65,60964.67,1128.805
1706173200000,60964.67,61191.87,60127.39,60247.40,1235.474
1706176800000,60247.40,60316.28,59340.68,59423.66,1740.716
1706180400000,59423.66,59526.63,58769.38,59236.13,983.266
1706184000000,59236.13,59346.05,58615.34,58638.95,1630.067
1706187600000,58638.95,58772.22,58457.33,58578.57,738.601
1706191200000,58578.57,58806.21,58424.44,58634.02,1390.400
1706194800000,58634.02,58729.10,58412.23,58465.12,1000.796
1706198400000,58465.12,58790.40,58391.31,58668.58,1410.644
1706202000000,58668.58,59943.73,58634.82,59672.72,1657.169
1706205600000,59672.72,59959.09,59600.59,59941.11,1268.560
1706209200000,59941.11,60202.45,59805.14,60042.71,840.369
1706212800000,60042.71,60716.42,59877.59,60658.37,1097.614
1706216400000,60658.37,61006.84,60472.51,60955.83,1354.354
1706220000000,60955.83,61205.01,60903.77,61100.54,855.867
1706223600000,61100.54,61353.77,60974.63,61088.02,458.399
1706227200000,61088.02,62034.01,61031.23,61653.78,2400.396
1706230800000,61653.78,61708.53,61293.09,61374.44,890.469
1706234400000,61374.44,61571.31,61272.36,61549.57,608.058
1706238000000,61549.57,61835.64,60687.69,60789.41,1247.049
1706241600000,60789.41,61238.04,60618.23,60993.88,837.053
1706245200000,60993.88,61834.45,60973.41,61792.91,1475.364
1706248800000,61792.91,61995.49,61757.17,61759.96,714.474
1706252400000,61759.96,61794.45,61630.78,61656.13,502.363
1706256000000,61656.13,61661.29,61221.65,61341.56,931.009
1706259600000,61341.56,61432.38,61098.85,61180.78,758.784
1706263200000,61180.78,61604.99,60976.69,61134.83,605.995
1706266800000,61134.83,61610.86,61096.19,61323.75,598.081
1706270400000,61323.75,61883.27,61089.25,61655.29,940.579
1706274000000,61655.29,62298.54,61609.16,62060.34,1340.479
1706277600000,62060.34,62066.02,61415.43,61671.78,1143.760
1706281200000,61671.78,61834.98,61386.84,61495.41,1479.050
1706284800000,61495.41,61637.39,60761.44,60826.36,1326.427
1706288400000,60826.36,60894.40,60418.79,60624.36,935.400
1706292000000,60624.36,60719.89,60255.14,60704.56,902.438
1706295600000,60704.56,61271.90,60580.66,60960.38,1788.030
1706299200000,60960.38,61022.95,60363.96,60473.04,1177.915
1706302800000,60473.04,60869.90,60364.99,60851.40,1594.801
1706306400000,60851.40,60875.27,60425.57,60670.19,1014.468
1706310000000,60670.19,60707.27,60298.69,60408.14,858.969
1706313600000,60408.14,61231.77,60123.81,60972.41,1053.897
1706317200000,60972.41,61108.96,60655.45,60697.40,681.353
1706320800000,60697.40,61596.10,60501.67,61492.72,1525.929
1706324400000,61492.72,61687.32,60945.62,61072.76,1992.814
1706328000000,61072.76,61094.47,60585.15,60786.42,1053.145
1706331600000,60786.42,60804.49,60621.13,60688.73,940.506
1706335200000,60688.73,61110.09,60612.34,61094.30,1454.373
1706338800000,61094.30,61123.11,60489.25,60532.14,1034.714
1706342400000,60532.14,61092.22,60286.53,60894.39,1667.802
1706346000000,60894.39,60923.72,60149.84,60432.62,896.051
1706349600000,60432.62,60999.96,60375.14,60593.22,1055.463
1706353200000,60593.22,60716.22,60335.55,60448.91,781.270
1706356800000,60448.91,60644.66,60374.70,60540.33,1368.899
1706360400000,60540.33,61425.28,60340.62,61352.44,1884.343
1706364000000,61352.44,61447.34,60799.26,60914.32,1068.653
1706367600000,60914.32,61520.92,60848.89,61225.13,964.559
1706371200000,61225.13,61311.12,60997.55,61125.18,1322.140
1706374800000,61125.18,61287.96,60366.14,60513.71,1059.516
1706378400000,60513.71,60765.50,60457.36,60492.09,505.021
1706382000000,60492.09,60786.34,60478.74,60760.83,1079.115
1706385600000,60760.83,61295.57,60750.67,61254.31,1406.273
1706389200000,61254.31,61361.62,60672.54,61219.40,658.623
1706392800000,61219.40,62013.36,61058.83,61749.07,929.746
1706396400000,61749.07,62028.42,61717.70,61950.82,1734.341
1706400000000,61950.82,62665.17,61851.42,62644.94,1944.527
1706403600000,62644.94,62867.15,62395.87,62836.44,1209.510
1706407200000,62836.44,62841.75,62322.27,62421.86,938.410
1706410800000,62421.86,62523.82,62031.19,62176.14,1098.411
1706414400000,62176.14,62214.95,61825.75,62090.00,580.985
1706418000000,62090.00,62376.90,62079.32,62374.46,1111.616
1706421600000,62374.46,62775.27,62260.13,62715.01,757.681
1706425200000,62715.01,63275.76,62617.02,63243.16,1251.404
1706428800000,63243.16,63244.65,62938.54,63041.03,1144.549
1706432400000,63041.03,63179.37,62527.86,62602.34,1578.802
1706436000000,62602.34,62985.62,62446.88,62673.77,809.698
1706439600000,62673.77,62957.13,62479.72,62709.25,578.730
1706443200000,62709.25,62724.97,62409.99,62431.38,891.153
1706446800000,62431.38,62529.39,61581.13,61692.38,1189.636
1706450400000,61692.38,61721.39,61517.07,61683.58,1403.023
1706454000000,61683.58,61735.98,61242.08,61327.59,1292.763
1706457600000,61327.59,61754.43,61017.45,61638.39,879.382
1706461200000,61638.39,62260.99,61624.75,61935.42,953.347
1706464800000,61935.42,61993.26,61683.33,61779.05,706.757
1706468400000,61779.05,61826.08,61052.90,61212.27,1453.880
1706472000000,61212.27,61368.23,60874.33,61040.89,648.721
1706475600000,61040.89,61208.49,60821.86,60826.54,897.980
1706479200000,60826.54,61015.99,60381.32,60919.01,1550.557
1706482800000,60919.01,61245.84,60915.63,61195.02,1122.458
1706486400000,61195.02,61514.76,60742.69,60848.91,878.485
1706490000000,60848.91,60961.03,60802.99,60912.66,1420.339
1706493600000,60912.66,61215.74,60834.30,61157.49,1805.988
1706497200000,61157.49,61267.70,60600.02,60763.15,1469.690
1706500800000,60763.15,61332.87,60594.08,61183.75,1152.039
1706504400000,61183.75,61230.64,60923.60,61123.23,1758.997
1706508000000,61123.23,61569.42,61117.21,61328.22,1538.584
1706511600000,61328.22,61670.00,61201.49,61656.03,810.883
1706515200000,61656.03,61720.46,61339.30,61566.79,942.963
1706518800000,61566.79,61829.23,61238.71,61392.94,665.343
1706522400000,61392.94,61572.82,61392.35,61494.58,1919.901
1706526000000,61494.58,61628.29,61426.87,61607.11,1470.586
1706529600000,61607.11,62283.92,61275.96,62058.87,1346.745
1706533200000,62058.87,62179.93,61540.98,61726.95,957.693
1706536800000,61726.95,61911.74,61482.25,61535.77,852.499
1706540400000,61535.77,61657.62,61243.47,61306.10,706.342
1706544000000,61306.10,61345.94,61282.31,61295.59,600.621
1706547600000,61295.59,61672.88,61293.73,61640.15,767.113
1706551200000,61640.15,62137.18,61494.07,62097.36,1377.785
1706554800000,62097.36,62783.89,61788.43,62569.13,1720.958
1706558400000,62569.13,62635.41,62163.13,62257.87,2139.719
1706562000000,62257.87,62383.58,61618.22,61926.75,1440.910
1706565600000,61926.75,62490.23,61881.61,62369.68,1539.173
1706569200000,62369.68,63355.99,62211.14,63186.56,1904.784
1706572800000,63186.56,63198.74,62984.43,63150.27,649.919
1706576400000,63150.27,63434.77,63010.55,63074.50,955.147
1706580000000,63074.50,63100.35,62251.61,62539.81,1247.299
1706583600000,62539.81,62799.96,62246.11,62387.84,805.933
1706587200000,62387.84,63331.94,62266.62,63190.20,2115.555
1706590800000,63190.20,63454.10,62973.28,63343.99,1456.671
1706594400000,63343.99,63567.77,63275.75,63342.30,626.449
1706598000000,63342.30,63949.97,63236.92,63562.68,1322.986
1706601600000,63562.68,64537.01,63427.50,64479.88,2322.814
1706605200000,64479.88,64653.98,64438.75,64547.31,1656.121
1706608800000,64547.31,64932.75,64443.12,64746.48,683.798
1706612400000,64746.48,65019.94,64727.02,65010.97,1070.532
1706616000000,65010.97,65015.00,64809.15,64919.16,925.970
1706619600000,64919.16,65078.21,64811.09,64938.28,1191.872
1706623200000,64938.28,65336.05,64865.40,65153.70,1074.812
1706626800000,65153.70,65210.92,65034.29,65064.52,723.704
1706630400000,65064.52,65290.24,63789.72,64201.96,1308.295
1706634000000,64201.96,64392.69,63801.50,63950.72,1240.331
1706637600000,63950.72,64205.30,62937.02,63046.08,2321.331
1706641200000,63046.08,63250.40,62461.09,62586.32,908.816
1706644800000,62586.32,62600.34,62387.04,62492.23,1580.230
1706648400000,62492.23,62507.19,62046.53,62215.48,908.538
1706652000000,62215.48,62449.98,62090.81,62314.69,1076.790
1706655600000,62314.69,62336.95,62057.46,62233.58,1138.469
1706659200000,62233.58,62337.33,61772.63,61970.33,953.892
1706662800000,61970.33,62196.70,61806.33,62095.74,530.096
1706666400000,62095.74,62157.33,61407.87,61559.03,1179.695
1706670000000,61559.03,61638.61,61028.44,61076.03,968.381
1706673600000,61076.03,61483.14,60842.66,61254.25,694.495
1706677200000,61254.25,61595.06,61036.75,61378.89,659.245
1706680800000,61378.89,61748.86,61356.13,61730.61,1769.464
1706684400000,61730.61,62062.34,61502.12,61822.22,895.799
1706688000000,61822.22,62131.97,61628.20,62091.36,1467.210
1706691600000,62091.36,62312.59,61728.67,61922.54,616.387
1706695200000,61922.54,61951.86,61845.28,61858.93,1599.579
1706698800000,61858.93,62028.10,61695.91,61744.31,808.189
1706702400000,61744.31,61901.54,61733.36,61896.74,615.153
1706706000000,61896.74,62004.48,61472.31,61694.83,1378.676
1706709600000,61694.83,62779.75,61651.45,62596.41,2016.835
1706713200000,62596.41,62780.09,61830.28,61873.60,1622.132
1706716800000,61873.60,62116.88,61765.83,61766.49,558.392
1706720400000,61766.49,61822.70,60895.40,60899.72,1738.105
1706724000000,60899.72,61837.87,60773.09,61734.59,1230.647
1706727600000,61734.59,61781.22,61141.17,61211.19,1838.251
1706731200000,61211.19,61384.27,60894.52,61066.45,2175.458
1706734800000,61066.45,61385.64,61019.67,61228.57,1847.724
1706738400000,61228.57,61812.17,61014.19,61519.98,954.476
1706742000000,61519.98,61885.78,61376.14,61668.00,821.268
1706745600000,61668.00,61907.43,61640.06,61734.18,469.521
1706749200000,61734.18,61878.43,61270.08,61462.62,1015.032
1706752800000,61462.62,61495.03,61365.71,61483.15,1885.917
1706756400000,61483.15,61554.99,61311.04,61424.26,1614.140
1706760000000,61424.26,61685.15,61297.64,61678.02,954.274
1706763600000,61678.02,61762.73,61484.69,61520.51,939.309
1706767200000,61520.51,61595.90,61273.18,61337.22,1726.259
1706770800000,61337.22,61370.93,60916.47,61006.80,1268.993
1706774400000,61006.80,61220.62,60925.45,61159.34,1349.450
1706778000000,61159.34,61306.45,60736.99,60845.76,714.192
1706781600000,60845.76,60968.94,60566.80,60667.16,1086.957
1706785200000,60667.16,60842.18,60329.35,60685.61,790.067
1706788800000,60685.61,60801.03,60445.56,60786.79,871.206
1706792400000,60786.79,61421.33,60689.71,60996.08,1636.933
1706796000000,60996.08,61844.83,60932.26,61834.22,1427.780
1706799600000,61834.22,62043.68,61247.12,61473.30,1067.301
1706803200000,61473.30,61752.63,61330.46,61406.44,739.123
1706806800000,61406.44,61438.42,60963.18,61175.32,1266.078
1706810400000,61175.32,61465.02,61090.40,61464.39,1787.091
1706814000000,61464.39,61697.45,61056.60,61132.81,1296.694
1706817600000,61132.81,61594.36,61011.14,61550.58,1074.938
1706821200000,61550.58,61763.29,61404.12,61497.77,792.690
1706824800000,61497.77,61830.92,60806.31,60913.88,1374.056
1706828400000,60913.88,60974.00,60337.33,60367.27,1778.946
1706832000000,60367.27,61103.89,60157.72,61023.26,1619.248
1706835600000,61023.26,61034.85,59922.89,60200.40,1352.209
1706839200000,60200.40,60287.84,59792.23,59980.86,1540.786
1706842800000,59980.86,60272.86,59702.81,59776.81,994.392
1706846400000,59776.81,60025.83,59703.21,59821.41,1610.939
1706850000000,59821.41,59849.40,59432.10,59537.59,1030.139
1706853600000,59537.59,59728.69,59407.97,59456.60,729.953
1706857200000,59456.60,59499.27,59337.37,59457.61,597.387
1706860800000,59457.61,59883.92,59433.29,59687.95,790.594
1706864400000,59687.95,59746.27,59306.99,59508.52,773.073
1706868000000,59508.52,60495.62,59498.45,60448.45,2121.701
1706871600000,60448.45,60914.29,60284.24,60890.10,1328.998
1706875200000,60890.10,60973.83,60828.82,60911.45,1163.351
1706878800000,60911.45,61158.56,60387.70,60573.43,839.414
1706882400000,60573.43,60724.13,60448.91,60659.30,1582.938
1706886000000,60659.30,61417.74,60655.91,61205.38,984.251
1706889600000,61205.38,61437.53,60381.70,60458.07,1199.570
1706893200000,60458.07,60765.52,60351.95,60593.45,1029.532
1706896800000,60593.45,61093.22,60468.93,61073.95,923.202
1706900400000,61073.95,61264.63,60620.03,60879.06,1271.232
1706904000000,60879.06,61211.94,60170.50,60320.89,1022.974
1706907600000,60320.89,60381.68,60043.58,60085.59,1151.245
1706911200000,60085.59,60491.28,60065.12,60317.85,1595.852
1706914800000,60317.85,60378.18,59746.23,60021.72,1098.555
1706918400000,60021.72,60181.11,59255.60,59509.10,1190.097
1706922000000,59509.10,59519.11,59205.87,59272.03,757.211
1706925600000,59272.03,60066.59,59108.04,59719.07,943.046
1706929200000,59719.07,60034.79,59713.44,59964.96,2126.255
1706932800000,59964.96,60030.39,59440.94,59567.12,1660.909
1706936400000,59567.12,60320.97,59525.85,60221.08,1683.445
1706940000000,60221.08,60502.36,59829.15,60080.92,1324.092
1706943600000,60080.92,60118.25,59585.93,59753.68,1933.157
1706947200000,59753.68,59934.03,59525.99,59873.25,1605.642
1706950800000,59873.25,59875.70,59563.82,59585.42,1453.792
1706954400000,59585.42,59611.09,59119.38,59230.92,854.589
1706958000000,59230.92,59389.24,58548.60,58784.55,1077.129
1706961600000,58784.55,59275.17,58663.36,59132.54,1639.044
1706965200000,59132.54,59216.33,58742.59,58884.26,1133.510
1706968800000,58884.26,58924.48,58654.68,58714.90,884.277
1706972400000,58714.90,58877.68,58577.65,58674.26,712.466
1706976000000,58674.26,58732.20,58193.84,58295.98,814.678
1706979600000,58295.98,58626.81,58216.23,58616.30,1698.023
1706983200000,58616.30,58904.24,58324.98,58757.12,730.188
1706986800000,58757.12,59145.44,58445.61,58968.54,645.358
1706990400000,58968.54,59087.68,58118.74,58431.77,1044.832
1706994000000,58431.77,58598.19,57899.66,58067.38,1011.521
1706997600000,58067.38,58127.30,57943.67,57957.54,522.789
1707001200000,57957.54,58106.21,57397.29,57748.99,1116.803
1707004800000,57748.99,57801.99,57429.60,57491.34,696.962
1707008400000,57491.34,57695.24,57361.35,57453.51,780.882
1707012000000,57453.51,57629.50,56770.01,56842.18,1323.786
1707015600000,56842.18,56990.69,56246.97,56326.57,1572.251
1707019200000,56326.57,56704.51,56300.06,56657.49,1042.642
1707022800000,56657.49,56872.59,55769.94,55909.78,1202.424
1707026400000,55909.78,56013.24,55867.02,55985.71,502.185
1707030000000,55985.71,56306.39,55835.78,56244.18,745.128
1707033600000,56244.18,56292.05,56171.39,56230.21,787.593
1707037200000,56230.21,56478.90,55989.45,56363.56,628.855
1707040800000,56363.56,56699.54,56204.52,56517.24,912.086
1707044400000,56517.24,56895.27,56306.60,56719.14,969.497
1707048000000,56719.14,57070.55,56631.34,57051.59,862.496
1707051600000,57051.59,57114.54,56784.71,56792.46,1384.141
1707055200000,56792.46,56916.32,56683.55,56701.38,522.586
1707058800000,56701.38,57246.31,56592.38,57002.01,1712.041
1707062400000,57002.01,57452.74,56952.56,57351.91,954.902
1707066000000,57351.91,57424.47,57254.03,57264.56,848.196
1707069600000,57264.56,57343.84,57010.73,57053.38,938.443
1707073200000,57053.38,57561.22,56977.61,57489.27,1069.434
1707076800000,57489.27,57856.65,57334.05,57762.96,1160.464
1707080400000,57762.96,57952.71,57585.86,57793.65,635.917
1707084000000,57793.65,58005.54,57786.11,57847.41,1037.079
1707087600000,57847.41,58513.84,57735.49,58505.64,1697.061
1707091200000,58505.64,59264.96,58441.76,59226.03,1147.449
1707094800000,59226.03,59730.01,58879.76,59667.91,1366.268
1707098400000,59667.91,59966.81,58813.16,59070.89,1270.466
1707102000000,59070.89,59527.94,59026.17,59486.69,1264.967
1707105600000,59486.69,59570.94,59140.59,59253.06,1179.904
1707109200000,59253.06,59334.99,58598.88,58993.64,1173.693
1707112800000,58993.64,59187.49,58901.43,59122.07,1319.352
1707116400000,59122.07,60338.14,59025.99,60018.56,1607.292
1707120000000,60018.56,60071.39,59440.06,59573.12,1941.687
1707123600000,59573.12,59985.04,59538.73,59859.14,797.313
1707127200000,59859.14,60137.96,59344.84,59659.58,706.575
1707130800000,59659.58,59991.79,59346.20,59497.86,564.120
1707134400000,59497.86,59824.65,59441.20,59750.10,859.589
1707138000000,59750.10,59922.34,59651.30,59872.93,1167.416
1707141600000,59872.93,60401.77,59772.63,60155.02,1088.706
1707145200000,60155.02,60809.32,59934.98,60485.16,1626.315
1707148800000,60485.16,60528.79,60209.98,60474.70,689.132
1707152400000,60474.70,60992.59,60372.97,60956.00,1177.254
1707156000000,60956.00,61520.73,60834.26,61449.84,1426.534
1707159600000,61449.84,61562.47,61410.54,61544.01,566.467
1707163200000,61544.01,61707.59,60849.85,60851.44,1244.500
1707166800000,60851.44,61096.35,60651.15,61040.28,1323.860
1707170400000,61040.28,61237.38,60839.63,60876.56,653.319
1707174000000,60876.56,61002.86,60535.81,60555.35,892.253
1707177600000,60555.35,60835.15,60519.77,60741.48,1373.954
1707181200000,60741.48,60882.16,60637.93,60684.33,1219.121
1707184800000,60684.33,61274.61,60512.45,61174.84,1000.781
1707188400000,61174.84,61253.61,60602.85,60795.36,1444.667
1707192000000,60795.36,60854.17,60352.97,60406.98,1505.644
1707195600000,60406.98,60744.68,60331.68,60430.36,459.895
1707199200000,60430.36,61107.38,60370.73,61102.42,1583.476
1707202800000,61102.42,61376.80,60924.19,61296.35,673.724
1707206400000,61296.35,61724.91,61195.60,61708.80,1168.358
1707210000000,61708.80,62291.65,61670.25,62127.53,1598.450
1707213600000,62127.53,62389.89,61753.19,61761.17,1093.106
1707217200000,61761.17,61964.04,61588.97,61913.29,1174.102
1707220800000,61913.29,61961.70,61476.60,61589.45,821.733
1707224400000,61589.45,61965.48,61422.32,61950.69,851.188
1707228000000,61950.69,61989.74,61824.34,61976.25,886.806
1707231600000,61976.25,62292.23,61944.54,61954.87,1038.364
1707235200000,61954.87,62028.67,61449.65,61508.45,1469.141
1707238800000,61508.45,61659.92,61346.82,61447.22,1892.940
1707242400000,61447.22,61575.75,61384.27,61516.43,538.839
1707246000000,61516.43,61970.89,61468.54,61893.77,1522.795
1707249600000,61893.77,61977.20,61608.94,61707.96,1285.475
1707253200000,61707.96,61845.92,61548.49,61787.06,554.376
1707256800000,61787.06,61904.42,61706.19,61782.93,1135.472
1707260400000,61782.93,62192.59,61635.60,61912.55,553.885
1707264000000,61912.55,62179.62,61842.13,61899.15,1372.471
1707267600000,61899.15,61934.59,61211.19,61598.28,1394.023
1707271200000,61598.28,61766.97,61517.72,61654.75,592.177
1707274800000,61654.75,61726.30,61153.27,61264.31,848.838
1707278400000,61264.31,61409.09,60752.18,60923.93,1181.370
1707282000000,60923.93,61362.93,60634.09,60727.84,862.293
1707285600000,60727.84,61030.66,60476.55,60552.12,694.463
1707289200000,60552.12,60983.72,60289.91,60940.21,1416.717
1707292800000,60940.21,61024.35,60756.66,60830.78,618.419
1707296400000,60830.78,60876.87,60690.68,60751.95,590.305
1707300000000,60751.95,60869.52,60169.80,60416.73,1742.418
1707303600000,60416.73,60417.96,60057.61,60276.86,742.547
1707307200000,60276.86,60605.33,59615.84,59675.40,1961.493
1707310800000,59675.40,60132.49,59592.13,59895.56,1390.696
1707314400000,59895.56,60797.20,59839.56,60394.81,1999.849
1707318000000,60394.81,60788.12,60209.54,60580.45,1934.971
1707321600000,60580.45,60629.21,60462.88,60591.09,461.899
1707325200000,60591.09,60591.12,60271.07,60402.23,1581.352
1707328800000,60402.23,60541.54,59767.24,60138.12,1150.570
1707332400000,60138.12,60322.68,59901.24,59990.80,948.930
1707336000000,59990.80,60535.35,59939.19,60285.83,1139.571
1707339600000,60285.83,60291.06,59947.49,60095.23,972.832
1707343200000,60095.23,60230.73,59817.00,59818.60,681.125
1707346800000,59818.60,59908.31,58725.59,59125.61,1593.336
1707350400000,59125.61,59588.04,59034.75,59427.70,1558.584
1707354000000,59427.70,59656.76,59319.19,59598.26,1285.682
1707357600000,59598.26,60454.13,59510.46,60155.80,963.767
1707361200000,60155.80,60523.90,60065.35,60439.12,976.339
1707364800000,60439.12,60580.55,59718.44,59951.91,1440.421
1707368400000,59951.91,60010.36,59527.22,59603.25,1358.282
1707372000000,59603.25,60043.40,59550.17,59972.01,891.791
1707375600000,59972.01,60358.35,59833.35,60099.61,573.607
