data_label,strategy,window,start_dkk,end_dkk,pnl_dkk_after_costs,return_pct,fees_paid_dkk,trades,bars,final_position,status,dataset_sha256,warning
SAMPLE,buy_hold,2025-01,100000.0,91417.59,-8582.41,-8.5824,0.0,2,744,0.0,OK,fc4010122deed753428b057638e4459af2def6cf6d6716ee01c6d20936ce6dec,FEES UNVERIFIED: fee_bps is a placeholder; enter your broker's price list before trusting results
SAMPLE,buy_hold,2025-02,100000.0,99382.82,-617.18,-0.6172,0.0,2,672,0.0,OK,fc4010122deed753428b057638e4459af2def6cf6d6716ee01c6d20936ce6dec,FEES UNVERIFIED: fee_bps is a placeholder; enter your broker's price list before trusting results
SAMPLE,buy_hold,2025-03,100000.0,76205.4,-23794.6,-23.7946,0.0,2,743,0.0,OK,fc4010122deed753428b057638e4459af2def6cf6d6716ee01c6d20936ce6dec,FEES UNVERIFIED: fee_bps is a placeholder; enter your broker's price list before trusting results
SAMPLE,buy_hold,2025-04,100000.0,109025.78,9025.78,9.0258,0.0,2,720,0.0,OK,fc4010122deed753428b057638e4459af2def6cf6d6716ee01c6d20936ce6dec,FEES UNVERIFIED: fee_bps is a placeholder; enter your broker's price list before trusting results
SAMPLE,buy_hold,2025-05,100000.0,104852.62,4852.62,4.8526,0.0,2,744,0.0,OK,fc4010122deed753428b057638e4459af2def6cf6d6716ee01c6d20936ce6dec,FEES UNVERIFIED: fee_bps is a placeholder; enter your broker's price list before trusting results
SAMPLE,buy_hold,2025-06,100000.0,104409.92,4409.92,4.4099,0.0,2,720,0.0,OK,fc4010122deed753428b057638e4459af2def6cf6d6716ee01c6d20936ce6dec,FEES UNVERIFIED: fee_bps is a placeholder; enter your broker's price list before trusting results
SAMPLE,buy_hold,2025-07,100000.0,98838.09,-1161.91,-1.1619,0.0,2,744,0.0,OK,fc4010122deed753428b057638e4459af2def6cf6d6716ee01c6d20936ce6dec,FEES UNVERIFIED: fee_bps is a placeholder; enter your broker's price list before trusting results
SAMPLE,buy_hold,2025-08,100000.0,104727.73,4727.73,4.7277,0.0,2,744,0.0,OK,fc4010122deed753428b057638e4459af2def6cf6d6716ee01c6d20936ce6dec,FEES UNVERIFIED: fee_bps is a placeholder; enter your broker's price list before trusting results
SAMPLE,buy_hold,2025-09,100000.0,100947.97,947.97,0.948,0.0,2,720,0.0,OK,fc4010122deed753428b057638e4459af2def6cf6d6716ee01c6d20936ce6dec,FEES UNVERIFIED: fee_bps is a placeholder; enter your broker's price list before trusting results
SAMPLE,buy_hold,2025-10,100000.0,111163.99,11163.99,11.164,0.0,2,745,0.0,OK,fc4010122deed753428b057638e4459af2def6cf6d6716ee01c6d20936ce6dec,FEES UNVERIFIED: fee_bps is a placeholder; enter your broker's price list before trusting results
SAMPLE,buy_hold,2025-11,100000.0,102705.74,2705.74,2.7057,0.0,2,720,0.0,OK,fc4010122deed753428b057638e4459af2def6cf6d6716ee01c6d20936ce6dec,FEES UNVERIFIED: fee_bps is a placeholder; enter your broker's price list before trusting results
SAMPLE,buy_hold,2025-12,100000.0,93216.74,-6783.26,-6.7833,0.0,2,744,0.0,OK,fc4010122deed753428b057638e4459af2def6cf6d6716ee01c6d20936ce6dec,FEES UNVERIFIED: fee_bps is a placeholder; enter your broker's price list before trusting results
SAMPLE,buy_hold,2026-01,100000.0,102942.1,2942.1,2.9421,0.0,2,744,0.0,OK,fc4010122deed753428b057638e4459af2def6cf6d6716ee01c6d20936ce6dec,FEES UNVERIFIED: fee_bps is a placeholder; enter your broker's price list before trusting results
SAMPLE,buy_hold,2026-02,100000.0,125568.39,25568.39,25.5684,0.0,2,672,0.0,OK,fc4010122deed753428b057638e4459af2def6cf6d6716ee01c6d20936ce6dec,FEES UNVERIFIED: fee_bps is a placeholder; enter your broker's price list before trusting results
SAMPLE,buy_hold,2026-03,100000.0,86630.98,-13369.02,-13.369,0.0,2,743,0.0,OK,fc4010122deed753428b057638e4459af2def6cf6d6716ee01c6d20936ce6dec,FEES UNVERIFIED: fee_bps is a placeholder; enter your broker's price list before trusting results
SAMPLE,buy_hold,2026-04,100000.0,93788.35,-6211.65,-6.2117,0.0,2,720,0.0,OK,fc4010122deed753428b057638e4459af2def6cf6d6716ee01c6d20936ce6dec,FEES UNVERIFIED: fee_bps is a placeholder; enter your broker's price list before trusting results
SAMPLE,buy_hold,2026-05,100000.0,108181.76,8181.76,8.1818,0.0,2,744,0.0,OK,fc4010122deed753428b057638e4459af2def6cf6d6716ee01c6d20936ce6dec,FEES UNVERIFIED: fee_bps is a placeholder; enter your broker's price list before trusting results
SAMPLE,buy_hold,2026-06,100000.0,103747.89,3747.89,3.7479,0.0,2,720,0.0,OK,fc4010122deed753428b057638e4459af2def6cf6d6716ee01c6d20936ce6dec,FEES UNVERIFIED: fee_bps is a placeholder; enter your broker's price list before trusting results
SAMPLE,buy_hold,2026-07,100000.0,103187.41,3187.41,3.1874,0.0,2,744,0.0,OK,fc4010122deed753428b057638e4459af2def6cf6d6716ee01c6d20936ce6dec,FEES UNVERIFIED: fee_bps is a placeholder; enter your broker's price list before trusting results
SAMPLE,buy_hold,2026-08,100000.0,118775.4,18775.4,18.7754,0.0,2,744,0.0,OK,fc4010122deed753428b057638e4459af2def6cf6d6716ee01c6d20936ce6dec,FEES UNVERIFIED: fee_bps is a placeholder; enter your broker's price list before trusting results
SAMPLE,buy_hold,2026-09,100000.0,96391.33,-3608.67,-3.6087,0.0,2,720,0.0,OK,fc4010122deed753428b057638e4459af2def6cf6d6716ee01c6d20936ce6dec,FEES UNVERIFIED: fee_bps is a placeholder; enter your broker's price list before trusting results
SAMPLE,calm_vol_placeholder,2025-01,100000.0,90270.13,-9729.87,-9.7299,0.0,2,744,0.0,OK,fc4010122deed753428b057638e4459af2def6cf6d6716ee01c6d20936ce6dec,"FEES UNVERIFIED: fee_bps is a placeholder; enter your broker's price list before trusting results; PLACEHOLDER calm rules, not your original strategy"
SAMPLE,calm_vol_placeholder,2025-02,100000.0,96289.31,-3710.69,-3.7107,0.0,4,672,0.0,OK,fc4010122deed753428b057638e4459af2def6cf6d6716ee01c6d20936ce6dec,"FEES UNVERIFIED: fee_bps is a placeholder; enter your broker's price list before trusting results; PLACEHOLDER calm rules, not your original strategy"
SAMPLE,calm_vol_placeholder,2025-03,100000.0,76531.78,-23468.22,-23.4682,0.0,2,743,0.0,OK,fc4010122deed753428b057638e4459af2def6cf6d6716ee01c6d20936ce6dec,"FEES UNVERIFIED: fee_bps is a placeholder; enter your broker's price list before trusting results; PLACEHOLDER calm rules, not your original strategy"
SAMPLE,calm_vol_placeholder,2025-04,100000.0,105405.27,5405.27,5.4053,0.0,4,720,0.0,OK,fc4010122deed753428b057638e4459af2def6cf6d6716ee01c6d20936ce6dec,"FEES UNVERIFIED: fee_bps is a placeholder; enter your broker's price list before trusting results; PLACEHOLDER calm rules, not your original strategy"
SAMPLE,calm_vol_placeholder,2025-05,100000.0,100579.32,579.32,0.5793,0.0,2,744,0.0,OK,fc4010122deed753428b057638e4459af2def6cf6d6716ee01c6d20936ce6dec,"FEES UNVERIFIED: fee_bps is a placeholder; enter your broker's price list before trusting results; PLACEHOLDER calm rules, not your original strategy"
SAMPLE,calm_vol_placeholder,2025-06,100000.0,103037.17,3037.17,3.0372,0.0,2,720,0.0,OK,fc4010122deed753428b057638e4459af2def6cf6d6716ee01c6d20936ce6dec,"FEES UNVERIFIED: fee_bps is a placeholder; enter your broker's price list before trusting results; PLACEHOLDER calm rules, not your original strategy"
SAMPLE,calm_vol_placeholder,2025-07,100000.0,98418.49,-1581.51,-1.5815,0.0,2,744,0.0,OK,fc4010122deed753428b057638e4459af2def6cf6d6716ee01c6d20936ce6dec,"FEES UNVERIFIED: fee_bps is a placeholder; enter your broker's price list before trusting results; PLACEHOLDER calm rules, not your original strategy"
SAMPLE,calm_vol_placeholder,2025-08,100000.0,102628.38,2628.38,2.6284,0.0,2,744,0.0,OK,fc4010122deed753428b057638e4459af2def6cf6d6716ee01c6d20936ce6dec,"FEES UNVERIFIED: fee_bps is a placeholder; enter your broker's price list before trusting results; PLACEHOLDER calm rules, not your original strategy"
SAMPLE,calm_vol_placeholder,2025-09,100000.0,99587.51,-412.49,-0.4125,0.0,2,720,0.0,OK,fc4010122deed753428b057638e4459af2def6cf6d6716ee01c6d20936ce6dec,"FEES UNVERIFIED: fee_bps is a placeholder; enter your broker's price list before trusting results; PLACEHOLDER calm rules, not your original strategy"
SAMPLE,calm_vol_placeholder,2025-10,100000.0,112119.89,12119.89,12.1199,0.0,2,745,0.0,OK,fc4010122deed753428b057638e4459af2def6cf6d6716ee01c6d20936ce6dec,"FEES UNVERIFIED: fee_bps is a placeholder; enter your broker's price list before trusting results; PLACEHOLDER calm rules, not your original strategy"
SAMPLE,calm_vol_placeholder,2025-11,100000.0,105408.01,5408.01,5.408,0.0,2,720,0.0,OK,fc4010122deed753428b057638e4459af2def6cf6d6716ee01c6d20936ce6dec,"FEES UNVERIFIED: fee_bps is a placeholder; enter your broker's price list before trusting results; PLACEHOLDER calm rules, not your original strategy"
SAMPLE,calm_vol_placeholder,2025-12,100000.0,96830.66,-3169.34,-3.1693,0.0,4,744,0.0,OK,fc4010122deed753428b057638e4459af2def6cf6d6716ee01c6d20936ce6dec,"FEES UNVERIFIED: fee_bps is a placeholder; enter your broker's price list before trusting results; PLACEHOLDER calm rules, not your original strategy"
SAMPLE,calm_vol_placeholder,2026-01,100000.0,99946.59,-53.41,-0.0534,0.0,2,744,0.0,OK,fc4010122deed753428b057638e4459af2def6cf6d6716ee01c6d20936ce6dec,"FEES UNVERIFIED: fee_bps is a placeholder; enter your broker's price list before trusting results; PLACEHOLDER calm rules, not your original strategy"
SAMPLE,calm_vol_placeholder,2026-02,100000.0,123951.98,23951.98,23.952,0.0,2,672,0.0,OK,fc4010122deed753428b057638e4459af2def6cf6d6716ee01c6d20936ce6dec,"FEES UNVERIFIED: fee_bps is a placeholder; enter your broker's price list before trusting results; PLACEHOLDER calm rules, not your original strategy"
SAMPLE,calm_vol_placeholder,2026-03,100000.0,86870.92,-13129.08,-13.1291,0.0,2,743,0.0,OK,fc4010122deed753428b057638e4459af2def6cf6d6716ee01c6d20936ce6dec,"FEES UNVERIFIED: fee_bps is a placeholder; enter your broker's price list before trusting results; PLACEHOLDER calm rules, not your original strategy"
SAMPLE,calm_vol_placeholder,2026-04,100000.0,95186.28,-4813.72,-4.8137,0.0,2,720,0.0,OK,fc4010122deed753428b057638e4459af2def6cf6d6716ee01c6d20936ce6dec,"FEES UNVERIFIED: fee_bps is a placeholder; enter your broker's price list before trusting results; PLACEHOLDER calm rules, not your original strategy"
SAMPLE,calm_vol_placeholder,2026-05,100000.0,108914.05,8914.05,8.9141,0.0,2,744,0.0,OK,fc4010122deed753428b057638e4459af2def6cf6d6716ee01c6d20936ce6dec,"FEES UNVERIFIED: fee_bps is a placeholder; enter your broker's price list before trusting results; PLACEHOLDER calm rules, not your original strategy"
SAMPLE,calm_vol_placeholder,2026-06,100000.0,107196.44,7196.44,7.1964,0.0,2,720,0.0,OK,fc4010122deed753428b057638e4459af2def6cf6d6716ee01c6d20936ce6dec,"FEES UNVERIFIED: fee_bps is a placeholder; enter your broker's price list before trusting results; PLACEHOLDER calm rules, not your original strategy"
SAMPLE,calm_vol_placeholder,2026-07,100000.0,104426.24,4426.24,4.4262,0.0,2,744,0.0,OK,fc4010122deed753428b057638e4459af2def6cf6d6716ee01c6d20936ce6dec,"FEES UNVERIFIED: fee_bps is a placeholder; enter your broker's price list before trusting results; PLACEHOLDER calm rules, not your original strategy"
SAMPLE,calm_vol_placeholder,2026-08,100000.0,119851.02,19851.02,19.851,0.0,2,744,0.0,OK,fc4010122deed753428b057638e4459af2def6cf6d6716ee01c6d20936ce6dec,"FEES UNVERIFIED: fee_bps is a placeholder; enter your broker's price list before trusting results; PLACEHOLDER calm rules, not your original strategy"
SAMPLE,calm_vol_placeholder,2026-09,100000.0,95567.12,-4432.88,-4.4329,0.0,2,720,0.0,OK,fc4010122deed753428b057638e4459af2def6cf6d6716ee01c6d20936ce6dec,"FEES UNVERIFIED: fee_bps is a placeholder; enter your broker's price list before trusting results; PLACEHOLDER calm rules, not your original strategy"
SAMPLE,calm_user,2025-01,100000.0,90270.13,-9729.87,-9.7299,0.0,2,744,0.0,OK,fc4010122deed753428b057638e4459af2def6cf6d6716ee01c6d20936ce6dec,"FEES UNVERIFIED: fee_bps is a placeholder; enter your broker's price list before trusting results; PLACEHOLDER calm rules, not your original strategy"
SAMPLE,calm_user,2025-02,100000.0,96289.31,-3710.69,-3.7107,0.0,4,672,0.0,OK,fc4010122deed753428b057638e4459af2def6cf6d6716ee01c6d20936ce6dec,"FEES UNVERIFIED: fee_bps is a placeholder; enter your broker's price list before trusting results; PLACEHOLDER calm rules, not your original strategy"
SAMPLE,calm_user,2025-03,100000.0,76531.78,-23468.22,-23.4682,0.0,2,743,0.0,OK,fc4010122deed753428b057638e4459af2def6cf6d6716ee01c6d20936ce6dec,"FEES UNVERIFIED: fee_bps is a placeholder; enter your broker's price list before trusting results; PLACEHOLDER calm rules, not your original strategy"
SAMPLE,calm_user,2025-04,100000.0,105405.27,5405.27,5.4053,0.0,4,720,0.0,OK,fc4010122deed753428b057638e4459af2def6cf6d6716ee01c6d20936ce6dec,"FEES UNVERIFIED: fee_bps is a placeholder; enter your broker's price list before trusting results; PLACEHOLDER calm rules, not your original strategy"
SAMPLE,calm_user,2025-05,100000.0,100579.32,579.32,0.5793,0.0,2,744,0.0,OK,fc4010122deed753428b057638e4459af2def6cf6d6716ee01c6d20936ce6dec,"FEES UNVERIFIED: fee_bps is a placeholder; enter your broker's price list before trusting results; PLACEHOLDER calm rules, not your original strategy"
SAMPLE,calm_user,2025-06,100000.0,103037.17,3037.17,3.0372,0.0,2,720,0.0,OK,fc4010122deed753428b057638e4459af2def6cf6d6716ee01c6d20936ce6dec,"FEES UNVERIFIED: fee_bps is a placeholder; enter your broker's price list before trusting results; PLACEHOLDER calm rules, not your original strategy"
SAMPLE,calm_user,2025-07,100000.0,98418.49,-1581.51,-1.5815,0.0,2,744,0.0,OK,fc4010122deed753428b057638e4459af2def6cf6d6716ee01c6d20936ce6dec,"FEES UNVERIFIED: fee_bps is a placeholder; enter your broker's price list before trusting results; PLACEHOLDER calm rules, not your original strategy"
SAMPLE,calm_user,2025-08,100000.0,102628.38,2628.38,2.6284,0.0,2,744,0.0,OK,fc4010122deed753428b057638e4459af2def6cf6d6716ee01c6d20936ce6dec,"FEES UNVERIFIED: fee_bps is a placeholder; enter your broker's price list before trusting results; PLACEHOLDER calm rules, not your original strategy"
SAMPLE,calm_user,2025-09,100000.0,99587.51,-412.49,-0.4125,0.0,2,720,0.0,OK,fc4010122deed753428b057638e4459af2def6cf6d6716ee01c6d20936ce6dec,"FEES UNVERIFIED: fee_bps is a placeholder; enter your broker's price list before trusting results; PLACEHOLDER calm rules, not your original strategy"
SAMPLE,calm_user,2025-10,100000.0,112119.89,12119.89,12.1199,0.0,2,745,0.0,OK,fc4010122deed753428b057638e4459af2def6cf6d6716ee01c6d20936ce6dec,"FEES UNVERIFIED: fee_bps is a placeholder; enter your broker's price list before trusting results; PLACEHOLDER calm rules, not your original strategy"
SAMPLE,calm_user,2025-11,100000.0,105408.01,5408.01,5.408,0.0,2,720,0.0,OK,fc4010122deed753428b057638e4459af2def6cf6d6716ee01c6d20936ce6dec,"FEES UNVERIFIED: fee_bps is a placeholder; enter your broker's price list before trusting results; PLACEHOLDER calm rules, not your original strategy"
SAMPLE,calm_user,2025-12,100000.0,96830.66,-3169.34,-3.1693,0.0,4,744,0.0,OK,fc4010122deed753428b057638e4459af2def6cf6d6716ee01c6d20936ce6dec,"FEES UNVERIFIED: fee_bps is a placeholder; enter your broker's price list before trusting results; PLACEHOLDER calm rules, not your original strategy"
SAMPLE,calm_user,2026-01,100000.0,99946.59,-53.41,-0.0534,0.0,2,744,0.0,OK,fc4010122deed753428b057638e4459af2def6cf6d6716ee01c6d20936ce6dec,"FEES UNVERIFIED: fee_bps is a placeholder; enter your broker's price list before trusting results; PLACEHOLDER calm rules, not your original strategy"
SAMPLE,calm_user,2026-02,100000.0,123951.98,23951.98,23.952,0.0,2,672,0.0,OK,fc4010122deed753428b057638e4459af2def6cf6d6716ee01c6d20936ce6dec,"FEES UNVERIFIED: fee_bps is a placeholder; enter your broker's price list before trusting results; PLACEHOLDER calm rules, not your original strategy"
SAMPLE,calm_user,2026-03,100000.0,86870.92,-13129.08,-13.1291,0.0,2,743,0.0,OK,fc4010122deed753428b057638e4459af2def6cf6d6716ee01c6d20936ce6dec,"FEES UNVERIFIED: fee_bps is a placeholder; enter your broker's price list before trusting results; PLACEHOLDER calm rules, not your original strategy"
SAMPLE,calm_user,2026-04,100000.0,95186.28,-4813.72,-4.8137,0.0,2,720,0.0,OK,fc4010122deed753428b057638e4459af2def6cf6d6716ee01c6d20936ce6dec,"FEES UNVERIFIED: fee_bps is a placeholder; enter your broker's price list before trusting results; PLACEHOLDER calm rules, not your original strategy"
SAMPLE,calm_user,2026-05,100000.0,108914.05,8914.05,8.9141,0.0,2,744,0.0,OK,fc4010122deed753428b057638e4459af2def6cf6d6716ee01c6d20936ce6dec,"FEES UNVERIFIED: fee_bps is a placeholder; enter your broker's price list before trusting results; PLACEHOLDER calm rules, not your original strategy"
SAMPLE,calm_user,2026-06,100000.0,107196.44,7196.44,7.1964,0.0,2,720,0.0,OK,fc4010122deed753428b057638e4459af2def6cf6d6716ee01c6d20936ce6dec,"FEES UNVERIFIED: fee_bps is a placeholder; enter your broker's price list before trusting results; PLACEHOLDER calm rules, not your original strategy"
SAMPLE,calm_user,2026-07,100000.0,104426.24,4426.24,4.4262,0.0,2,744,0.0,OK,fc4010122deed753428b057638e4459af2def6cf6d6716ee01c6d20936ce6dec,"FEES UNVERIFIED: fee_bps is a placeholder; enter your broker's price list before trusting results; PLACEHOLDER calm rules, not your original strategy"
SAMPLE,calm_user,2026-08,100000.0,119851.02,19851.02,19.851,0.0,2,744,0.0,OK,fc4010122deed753428b057638e4459af2def6cf6d6716ee01c6d20936ce6dec,"FEES UNVERIFIED: fee_bps is a placeholder; enter your broker's price list before trusting results; PLACEHOLDER calm rules, not your original strategy"
SAMPLE,calm_user,2026-09,100000.0,95567.12,-4432.88,-4.4329,0.0,2,720,0.0,OK,fc4010122deed753428b057638e4459af2def6cf6d6716ee01c6d20936ce6dec,"FEES UNVERIFIED: fee_bps is a placeholder; enter your broker's price list before trusting results; PLACEHOLDER calm rules, not your original strategy"
